{
    "ear_threshold": 0.3657563787804949,
    "avg_open_ear": 0.3856249426011836,
    "avg_face_height": 0.2989724496006966,
    "avg_center_gaze": 0.4860028858649271,
    "avg_nose_y": 0.3551483633120855
}